{"version":"4.2.1","resolution":100,"curves":[{"nodes":[[0,0,0,0,0.1],[1,1,-0.1]]}],"channels":[["flip",{"items":[{"length":0.923432089265102,"curve":0,"speed":1.0829166666666665,"amp":100},{"time":1.846864178530204,"length":0.923432089265102,"value":100,"curve":0,"speed":1.0829166666666665,"amp":-100}]}],["invert",{"items":[{"time":0.923432089265102,"length":0.923432089265102,"curve":0,"speed":1.082916666666666,"amp":100},{"time":2.770296267795306,"length":0.923432089265102,"value":100,"curve":0,"speed":1.0829166666666665,"amp":-100}]}]],"labels":{},"guiSettings":{"snapTimeActive":true,"snapTimeInterval":0.1,"snapValueActive":true,"snapValueInterval":0.1,"snapBeatActive":true,"bpm":129.95,"beatOffset":0,"useBeatInGUI":false,"minimizedPrecisionTime":3,"minimizedPrecisionValue":3}}